25,23,41
10,34,22
23,25,37
12,32,47
25,23,41
10,34,22
23,25,28
23,25,28
25,23,41
10,34,22
 2,23,25
 2,23,25
25,23,41
10,34,22
23,25,28
 8,16,48
25,23,41
10,34,22
17,23,25
23,25,28
25,23,41,47
 5,27,20,40
17,21,23,25
10,15,22,34
25,23,41,47
 5,27,20,40
23,25,31,40
23,25,31,45
25,23,41,47
 5,27,20,40
23,25,28,35
 6,23,25,45
25,23,41,47
 5,27,20,40
 3,23,25,33
 0,22,36,48
25,23,41,47
 5,27,20,40
23,25,31,45
 1,13,27,49
25,23,41,47,33
 0,12,24,22, 6
 4,12,17,23,25
 7,15,22,39,46
25,23,41,47,33
 0,12,24,22, 6
 2,19,23,25,31
22,23,25,28,45
25,23,41,47,33
 0,12,24,22, 6
 3, 5,19,23,25
 3,13,22,37,48
25,23,41,47,33
 0,12,24,22, 6
23,25,31,40,45
 1,13,27,41,49
25,23,41,47,33
 0,12,24,22, 6
17,23,25,29,47
 7,15,22,39,46
25,23,41,47,33,12
40, 0,20,27,13,46
 5,17,23,25,33,40
 3,13,23,25,33,37
25,23,41,47,33,12
40, 0,20,27,13,46
 5,11,13,21,23,25
 0, 4,12,30,32,48
25,23,41,47,33,12
40, 0,20,27,13,46
 8,11,13,21,23,25
 1,17,23,25,29,49
25,23,41,47,33,12
40, 0,20,27,13,46
 6,12,22,23,25,28
 4,13,23,25,31,47
25,23,41,47,33,12
40, 0,20,27,13,46
19,21,23,25,28,44
 7,17,23,25,29,47
25,23,41,47,33,12,15
 0,39,27, 1,20,13,40
 2,13,18,23,25,30,39
 3, 7,23,25,37,39,43
25,23,41,47,33,12,15
 0,39,27, 1,20,13,40
 6,10,13,21,23,25,30
 4,16,18,20,40,42,48
25,23,41,47,33,12,15
 0,39,27, 1,20,13,40
17,21,22,23,25,35,47
 2, 6,18,20,36,40,43
25,23,41,47,33,12,15
 0,39,27, 1,20,13,40
 5, 9,21,23,25,31,33
 0,16,18,20,30,44,48
25,23,41,47,33,12,15
 0,39,27, 1,20,13,40
 8,11,14,21,23,25,30
 2,15,21,23,25,29,49
25,23,41,47,33,12,15, 7
26,24,30,32,34, 0,10, 1
 6,18,23,25,30,35,36,46
 3, 8,13,23,25,33,39,45
25,23,41,47,33,12,15, 7
26,24,30,32,34, 0,10, 1
 5,15,23,25,28,30,31,35
 5, 6,11,23,25,35,41,45
25,23,41,47,33,12,15, 7
26,24,30,32,34, 0,10, 1
 9,15,21,23,25,33,41,45
 7,13,21,23,25,31,39,45
25,23,41,47,33,12,15, 7
26,24,30,32,34, 0,10, 1
11,12,19,23,25,30,33,39
 2,10,12,20,28,30,38,46
25,23,41,47,33,12,15, 7
26,24,30,32,34, 0,10, 1
 9,18,20,23,25,26,36,47
 5, 9,17,23,25,33,39,47
25,23,41,47,33,12,15, 7,22
28,36,12,26,16,22,20,42,30
 1, 4, 9,20,23,25,26,35,39
 0, 3,13,17,23,25,35,39,45
25,23,41,47,33,12,15, 7,22
28,36,12,26,16,22,20,42,30
 3, 6,12,20,23,25,26,33,41
 0, 6, 8,18,25,30,33,40,43
25,23,41,47,33,12,15, 7,22
28,36,12,26,16,22,20,42,30
 2,13,22,23,25,28,33,43,47
 7, 8,11,17,23,25,37,39,45
25,23,41,47,33,12,15, 7,22
28,36,12,26,16,22,20,42,30
 8,16,20,23,25,28,34,37,40
 2, 8,19,23,25,30,41,44,47
25,23,41,47,33,12,15, 7,22
28,36,12,26,16,22,20,42,30
 5, 7,20,23,25,28,36,42,48
 2, 8,20,23,25,28,33,42,43
25,23,41,47,33,12,15, 7,22,28
48,14,18,16,22,27,33,36,20,46
 0,13,17,23,24,25,26,32,38,40
 1, 2, 7,15,23,25,33,39,45,49
25,23,41,47,33,12,15, 7,22,28
48,14,18,16,22,27,33,36,20,46
 3, 5,12,14,15,20,23,25,28,43
 3,11,14,17,23,25,35,39,43,45
25,23,41,47,33,12,15, 7,22,28
48,14,18,16,22,27,33,36,20,46
 0,10,14,20,23,25,31,38,42,43
 5, 6,17,21,23,25,31,37,39,43
25,23,41,47,33,12,15, 7,22,28
48,14,18,16,22,27,33,36,20,46
 3,10,18,23,24,25,26,36,38,43
 1, 4,11,17,23,25,35,39,43,49
25,23,41,47,33,12,15, 7,22,28
48,14,18,16,22,27,33,36,20,46
 1, 4,22,23,25,26,30,37,43,49
 1, 4, 9,17,23,25,32,35,39,47
25,23,41,47,33,12,15, 7,22,28,32,37
14,37, 2,15, 5,22,25,47,36,30,18,23
 2, 8,10,14,20,23,25,28,31,34,38,45
 0, 6, 8,12,16,20,25,28,32,42,44,47
25,23,41,47,33,12,15, 7,22,28,32,37
14,37, 2,15, 5,22,25,47,36,30,18,23
 0, 3,10,18,20,23,25,30,33,37,40,48
 0, 8,10,22,23,25,27,28,33,37,44,46
25,23,41,47,33,12,15, 7,22,28,32,37
14,37, 2,15, 5,22,25,47,36,30,18,23
 5, 6, 9,18,20,23,25,30,32,37,45,47
 4, 6, 9,15,22,23,25,30,36,42,46,47
25,23,41,47,33,12,15, 7,22,28,32,37
14,37, 2,15, 5,22,25,47,36,30,18,23
 6, 8,16,18,21,25,27,28,29,35,36,46
 3, 5, 6,14,22,23,25,27,28,35,38,46
25,23,41,47,33,12,15, 7,22,28,32,37
14,37, 2,15, 5,22,25,47,36,30,18,23
 1, 6,15,17,21,23,25,27,31,41,43,47
 7, 8,12,16,20,23,25,30,33,37,45,47
25,23,41,47,33,12,15, 7,22,28,32,37, 6,27
13,25, 8,16,15, 4,23,22,30,21,38,44,43,37
 3, 4, 8,12,22,23,25,28,30,31,35,39,42,45
 2, 6,11,15,20,23,25,27,28,32,37,39,44,46
25,23,41,47,33,12,15, 7,22,28,32,37, 6,27
13,25, 8,16,15, 4,23,22,30,21,38,44,43,37
 0, 6,12,15,22,23,25,26,30,36,37,42,45,47
 4, 7, 8,11,15,22,23,25,30,37,38,40,43,45
25,23,41,47,33,12,15, 7,22,28,32,37, 6,27
13,25, 8,16,15, 4,23,22,30,21,38,44,43,37
 1,10,12,13,17,18,23,25,27,28,32,36,40,46
 1, 4,10,13,17,20,23,25,27,28,37,40,44,47
25,23,41,47,33,12,15, 7,22,28,32,37, 6,27
13,25, 8,16,15, 4,23,22,30,21,38,44,43,37
 3, 4,12,14,17,20,23,25,27,28,31,34,38,44
 3, 7, 8,10,22,23,25,27,28,35,38,40,46,48
25,23,41,47,33,12,15, 7,22,28,32,37, 6,27
13,25, 8,16,15, 4,23,22,30,21,38,44,43,37
 6, 9,10,11,14,18,23,25,27,30,34,40,41,45
 2, 6, 9,13,19,20,23,25,27,28,34,35,46,47
25,23,41,47,33,12,15, 7,22,28,32,37, 6,27,21,20
35, 1, 7,12,11,30,20,23,26,27,29,18,25,34,46,28
 2, 5, 7,10,12,18,19,22,23,25,26,27,33,37,38,44
 6, 8,10,11,14,20,21,23,25,27,30,34,37,40,43,44
25,23,41,47,33,12,15, 7,22,28,32,37, 6,27,21,20
35, 1, 7,12,11,30,20,23,26,27,29,18,25,34,46,28
 0, 1, 3, 6, 7,10,17,18,20,23,25,27,28,31,37,44
 2, 5, 8,11,15,20,23,25,27,28,32,37,41,44,46,48
25,23,41,47,33,12,15, 7,22,28,32,37, 6,27,21,20
35, 1, 7,12,11,30,20,23,26,27,29,18,25,34,46,28
 2, 7, 8,13,15,20,23,25,27,28,31,32,39,41,43,48
 2, 6,10,11,16,21,22,23,25,27,28,37,40,44,46,47
25,23,41,47,33,12,15, 7,22,28,32,37, 6,27,21,20
35, 1, 7,12,11,30,20,23,26,27,29,18,25,34,46,28
 3, 4, 6, 7, 9,13,18,20,23,25,27,28,31,39,40,47
 2, 3, 7, 8, 9,15,22,23,25,30,32,37,38,39,42,46
25,23,41,47,33,12,15, 7,22,28,32,37, 6,27,21,20
35, 1, 7,12,11,30,20,23,26,27,29,18,25,34,46,28
 2, 6,10,11,14,15,20,23,25,27,28,34,38,40,43,44
 3, 4,10,13,16,20,21,23,25,27,28,32,37,43,44,49
25,23,41,47,33,12,15, 7,22,28,32,37, 6,27,21,20,16,26
 0,19,25, 9,24,14,17,20,23,26,35,44,28,37,27,43,30,22
 4, 9,12,16,17,19,21,22,23,24,25,27,28,32,33,37,41,46
 0, 1, 5,11,12,14,20,23,25,27,28,30,33,35,37,38,44,46
25,23,41,47,33,12,15, 7,22,28,32,37, 6,27,21,20,16,26
 0,19,25, 9,24,14,17,20,23,26,35,44,28,37,27,43,30,22
 2, 4, 6, 9,13,16,21,22,23,25,27,28,31,34,35,37,40,43
 0, 3, 9,10,13,16,18,20,23,25,27,28,30,35,37,38,40,44
25,23,41,47,33,12,15, 7,22,28,32,37, 6,27,21,20,16,26
 0,19,25, 9,24,14,17,20,23,26,35,44,28,37,27,43,30,22
 0, 1, 2, 3, 9,11,15,20,23,25,26,27,28,31,35,36,39,45
 2, 3, 5, 7, 9,12,13,20,23,25,27,28,35,37,40,43,44,48
25,23,41,47,33,12,15, 7,22,28,32,37, 6,27,21,20,16,26
 0,19,25, 9,24,14,17,20,23,26,35,44,28,37,27,43,30,22
 1, 3, 9,11,20,21,25,27,28,30,34,35,36,37,39,40,46,48
 3, 4, 9,12,13,18,20,23,25,27,28,30,35,36,37,40,44,45
25,23,41,47,33,12,15, 7,22,28,32,37, 6,27,21,20,16,26
 0,19,25, 9,24,14,17,20,23,26,35,44,28,37,27,43,30,22
 2, 3, 8,12,16,17,21,22,23,25,26,27,28,35,37,43,44,48
 4, 6, 7, 9,12,13,15,20,23,25,27,28,32,33,39,41,44,47
25,23,41,47,33,12,15, 7,22,28,32,37, 6,27,21,20,16,26,13,29
11, 3,20,30,18,13,21, 4,22,23,26,25,29,34,38, 6,35,27,46,28
 1, 5, 7,10,12,13,15,16,19,21,22,23,25,27,28,31,33,37,38,46
 2, 5, 7, 9,10,12,13,21,22,23,25,27,28,30,34,37,41,43,44,45
25,23,41,47,33,12,15, 7,22,28,32,37, 6,27,21,20,16,26,13,29
11, 3,20,30,18,13,21, 4,22,23,26,25,29,34,38, 6,35,27,46,28
 1, 4, 8, 9,11,13,18,21,22,23,25,27,28,29,34,37,39,43,45,48
 4, 5, 6,11,12,13,16,18,20,23,25,27,28,30,35,37,38,44,46,48
25,23,41,47,33,12,15, 7,22,28,32,37, 6,27,21,20,16,26,13,29
11, 3,20,30,18,13,21, 4,22,23,26,25,29,34,38, 6,35,27,46,28
 0, 2, 4, 7,11,12,16,17,21,22,23,25,27,28,30,37,40,41,42,44
 2, 3, 5, 7,12,13,18,20,23,25,27,28,30,35,36,37,43,44,45,48
25,23,41,47,33,12,15, 7,22,28,32,37, 6,27,21,20,16,26,13,29
11, 3,20,30,18,13,21, 4,22,23,26,25,29,34,38, 6,35,27,46,28
 1, 3, 7,11,17,20,22,23,25,26,27,28,30,31,33,35,38,40,43,47
 1, 2, 6, 8,11,13,15,18,20,23,25,27,28,33,34,37,40,41,43,45
25,23,41,47,33,12,15, 7,22,28,32,37, 6,27,21,20,16,26,13,29
11, 3,20,30,18,13,21, 4,22,23,26,25,29,34,38, 6,35,27,46,28
 3, 4, 6,10,11,15,21,22,23,25,27,28,31,33,36,38,40,43,45,48
 2, 3, 4, 8,11,14,17,21,22,23,25,27,28,34,37,38,41,44,46,47
25,23,41,47,33,12,15, 7,22,28,32,37, 6,27,21,20,16,26,13,29,42,30,34,35, 24
 0,30,23,28,21, 5,12,15,16,18,20,25,22,27,29,31,24,35,37,34,26,38,19,44, 36
 1, 2, 7, 8,10,11,13,16,17,20,21,22,23,25,27,28,29,33,35,39,43,44,45,47, 49
 2, 3, 4, 8, 9,11,13,15,18,20,21,22,23,25,27,28,30,35,36,37,41,44,47,48, 49
25,23,41,47,33,12,15, 7,22,28,32,37, 6,27,21,20,16,26,13,29,42,30,34,35, 24
 0,30,23,28,21, 5,12,15,16,18,20,25,22,27,29,31,24,35,37,34,26,38,19,44, 36
 1, 3, 4,10,11,12,16,18,20,21,22,23,25,26,27,28,30,31,33,34,35,37,41,43, 47
 2, 4, 6, 8, 9,11,13,15,18,20,21,22,23,25,27,28,30,35,37,38,39,44,45,46, 47
25,23,41,47,33,12,15, 7,22,28,32,37, 6,27,21,20,16,26,13,29,42,30,34,35, 24
 0,30,23,28,21, 5,12,15,16,18,20,25,22,27,29,31,24,35,37,34,26,38,19,44, 36
 0, 4, 5, 7,10,13,16,20,21,22,23,24,25,26,27,28,29,30,31,35,37,40,43,45, 48
 2, 3, 5, 7, 8, 9,11,13,17,18,20,23,25,27,28,30,35,37,38,39,41,43,44,46, 48
25,23,41,47,33,12,15, 7,22,28,32,37, 6,27,21,20,16,26,13,29,42,30,34,35, 24
 0,30,23,28,21, 5,12,15,16,18,20,25,22,27,29,31,24,35,37,34,26,38,19,44, 36
 2, 3, 6, 7, 8,10,12,13,14,16,17,20,21,22,23,25,27,28,30,35,37,40,46,47, 49
 0, 3, 6, 8,10,11,13,18,20,21,22,23,25,27,28,30,31,35,37,39,41,44,45,46, 48
25,23,41,47,33,12,15, 7,22,28,32,37, 6,27,21,20,16,26,13,29,42,30,34,35, 24
 0,30,23,28,21, 5,12,15,16,18,20,25,22,27,29,31,24,35,37,34,26,38,19,44, 36
 2, 6, 8,10,13,16,18,19,20,21,22,23,25,27,28,30,31,33,36,37,38,42,45,47, 49
 1, 2, 3, 7, 8,13,14,18,20,21,22,23,25,26,27,28,29,30,34,35,43,44,45,46, 47
25,23,41,47,33,12,15, 7,22,28,32,37, 6,27,21,20,16,26,13,29,42,30,34,35, 24, 2,18,11, 8, 4
11, 2, 3, 5, 8, 4,19, 6,14,15,18,35,20,22,24,25,27,29,30,13,28,23,37,34, 43,21,26, 9,44,36
 0, 1, 4, 5, 9,10,13,14,15,20,21,22,23,25,26,27,28,30,31,33,37,38,39,40, 42,44,45,46,48,49
 0, 1, 2, 3, 4, 5,10,11,13,18,20,21,22,23,25,26,27,28,29,30,35,36,37,39, 41,43,44,45,46,48
25,23,41,47,33,12,15, 7,22,28,32,37, 6,27,21,20,16,26,13,29,42,30,34,35, 24, 2,18,11, 8, 4
11, 2, 3, 5, 8, 4,19, 6,14,15,18,35,20,22,24,25,27,29,30,13,28,23,37,34, 43,21,26, 9,44,36
 0, 2, 3, 4, 9,10,11,13,15,18,20,21,22,23,25,26,27,28,30,31,32,33,34,35, 37,39,44,46,48,49
 2, 3, 4, 6, 9,10,11,12,13,15,18,20,21,22,23,25,27,28,30,34,35,37,39,40, 43,44,45,46,47,48
25,23,41,47,33,12,15, 7,22,28,32,37, 6,27,21,20,16,26,13,29,42,30,34,35, 24, 2,18,11, 8, 4
11, 2, 3, 5, 8, 4,19, 6,14,15,18,35,20,22,24,25,27,29,30,13,28,23,37,34, 43,21,26, 9,44,36
 1, 2, 3, 4, 5, 6, 8,10,11,13,15,16,17,18,20,21,22,23,25,27,28,30,31,33, 37,39,41,43,44,47
 1, 2, 3, 4, 6,10,11,13,14,18,20,21,22,23,25,26,27,28,29,30,31,35,37,39, 41,42,43,44,46,48
25,23,41,47,33,12,15, 7,22,28,32,37, 6,27,21,20,16,26,13,29,42,30,34,35, 24, 2,18,11, 8, 4
11, 2, 3, 5, 8, 4,19, 6,14,15,18,35,20,22,24,25,27,29,30,13,28,23,37,34, 43,21,26, 9,44,36
 0, 1, 4, 6, 8, 9,11,15,18,20,21,22,23,25,27,28,29,30,32,33,34,35,38,39, 41,43,45,46,47,48
 2, 3, 4, 6, 9,11,12,13,15,17,18,20,21,22,23,25,27,28,29,30,34,36,37,38, 39,40,41,43,44,46
25,23,41,47,33,12,15, 7,22,28,32,37, 6,27,21,20,16,26,13,29,42,30,34,35, 24, 2,18,11, 8, 4
11, 2, 3, 5, 8, 4,19, 6,14,15,18,35,20,22,24,25,27,29,30,13,28,23,37,34, 43,21,26, 9,44,36
 0, 3, 4, 5, 8, 9,10,13,15,17,19,20,21,22,23,25,26,27,28,29,30,31,33,35, 36,39,42,45,46,47
 1, 2, 4, 6, 8, 9,11,13,14,18,19,20,21,22,23,25,27,28,29,30,34,36,37,39, 40,41,43,44,46,48
25,23,41,47,33,12,15, 7,22,28,32,37, 6,27,21,20,16,26,13,29,42,30,34,35, 24, 2,18,11, 8, 4, 3,19,14,44,36
 2, 1, 3,28,25, 6, 9,31, 5,13,14,11,18,19,20,22,23,24,26,27,29,30,32, 4, 35,36,37,39,40,21,38,34,46,15,44
 0, 2, 3, 4, 8, 9,10,11,13,16,18,19,20,21,22,23,25,26,27,28,29,30,31,32, 35,37,38,39,43,44,45,46,47,48,49
 0, 1, 2, 3, 4, 6, 9,10,11,12,13,16,18,20,21,22,23,25,26,27,28,29,30,31, 35,37,39,40,41,42,43,44,45,46,48
25,23,41,47,33,12,15, 7,22,28,32,37, 6,27,21,20,16,26,13,29,42,30,34,35, 24, 2,18,11, 8, 4, 3,19,14,44,36
 2, 1, 3,28,25, 6, 9,31, 5,13,14,11,18,19,20,22,23,24,26,27,29,30,32, 4, 35,36,37,39,40,21,38,34,46,15,44
 2, 3, 4, 5, 7, 9,10,11,12,13,15,17,18,20,21,22,23,24,25,26,27,28,29,30, 32,33,35,37,39,40,43,44,46,47,49
 1, 2, 3, 4, 6, 7, 9,10,11,12,13,17,18,20,21,22,23,24,25,26,27,28,29,30, 32,35,36,37,39,40,44,45,46,47,48
25,23,41,47,33,12,15, 7,22,28,32,37, 6,27,21,20,16,26,13,29,42,30,34,35, 24, 2,18,11, 8, 4, 3,19,14,44,36
 2, 1, 3,28,25, 6, 9,31, 5,13,14,11,18,19,20,22,23,24,26,27,29,30,32, 4, 35,36,37,39,40,21,38,34,46,15,44
 0, 2, 3, 4, 6, 7, 9,11,12,13,14,15,17,18,20,21,22,23,25,26,27,28,29,30, 31,33,35,36,37,39,42,44,45,46,47
 1, 2, 3, 4, 5, 6, 9,10,11,13,14,15,18,20,21,22,23,25,26,27,28,29,30,32, 35,36,37,38,39,40,41,44,45,46,48
25,23,41,47,33,12,15, 7,22,28,32,37, 6,27,21,20,16,26,13,29,42,30,34,35, 24, 2,18,11, 8, 4, 3,19,14,44,36
 2, 1, 3,28,25, 6, 9,31, 5,13,14,11,18,19,20,22,23,24,26,27,29,30,32, 4, 35,36,37,39,40,21,38,34,46,15,44
 1, 2, 3, 4, 6, 7, 8, 9,10,11,13,15,18,20,21,22,23,25,26,27,28,29,30,33, 35,36,37,38,40,41,43,44,46,47,49
 1, 3, 4, 6, 7, 9,10,11,13,14,15,17,18,20,21,22,23,25,26,27,28,29,30,32, 35,36,37,39,40,43,45,46,47,48,49
25,23,41,47,33,12,15, 7,22,28,32,37, 6,27,21,20,16,26,13,29,42,30,34,35, 24, 2,18,11, 8, 4, 3,19,14,44,36
 2, 1, 3,28,25, 6, 9,31, 5,13,14,11,18,19,20,22,23,24,26,27,29,30,32, 4, 35,36,37,39,40,21,38,34,46,15,44
 0, 1, 2, 3, 4, 5, 6, 8, 9,10,11,13,14,15,18,19,20,21,22,23,25,26,27,28, 29,30,34,37,38,39,40,41,43,46,49
 1, 3, 4, 6, 7,10,11,12,13,14,15,17,18,20,21,22,23,25,26,27,28,29,30,31, 35,37,38,39,40,41,44,45,46,47,48
25,23,41,47,33,12,15, 7,22,28,32,37, 6,27,21,20,16,26,13,29,42,30,34,35, 24, 2,18,11, 8, 4, 3,19,14,44,36, 9,43,39,46, 5
 2, 1, 3, 4, 5, 6,22, 9,10,11,13,14,27,32,18,19,20,21,23,24,25,26,28,29, 30,31,34,37,35,36,38,39,40,12,43,47,45,46,48,49
 1, 2, 3, 4, 6, 7, 8,10,11,12,13,14,17,18,19,20,21,22,23,24,25,26,27,28, 29,30,32,34,35,36,37,39,40,41,42,43,44,46,47,49
 1, 2, 3, 4, 5, 6, 7, 9,11,13,14,15,18,19,20,21,22,23,24,25,26,27,28,29, 30,31,32,34,35,36,37,38,39,40,43,44,45,46,47,48
25,23,41,47,33,12,15, 7,22,28,32,37, 6,27,21,20,16,26,13,29,42,30,34,35, 24, 2,18,11, 8, 4, 3,19,14,44,36, 9,43,39,46, 5
 2, 1, 3, 4, 5, 6,22, 9,10,11,13,14,27,32,18,19,20,21,23,24,25,26,28,29, 30,31,34,37,35,36,38,39,40,12,43,47,45,46,48,49
 0, 1, 2, 3, 4, 5, 9,11,12,13,14,15,18,20,21,22,23,25,26,27,28,29,30,31, 32,33,34,35,36,37,38,39,40,41,42,44,45,46,47,48
 0, 1, 3, 4, 6, 9,10,11,12,13,14,15,18,19,20,21,22,23,24,25,26,27,28,29, 30,32,33,34,35,36,37,38,39,40,43,45,46,47,48,49
25,23,41,47,33,12,15, 7,22,28,32,37, 6,27,21,20,16,26,13,29,42,30,34,35, 24, 2,18,11, 8, 4, 3,19,14,44,36, 9,43,39,46, 5
 2, 1, 3, 4, 5, 6,22, 9,10,11,13,14,27,32,18,19,20,21,23,24,25,26,28,29, 30,31,34,37,35,36,38,39,40,12,43,47,45,46,48,49
 0, 2, 3, 4, 5, 6, 7, 8, 9,10,11,12,13,14,15,17,18,20,21,22,23,24,25,26, 27,28,29,30,32,33,34,35,37,39,41,43,45,46,47,49
 0, 1, 2, 3, 4, 5, 7, 9,11,13,14,15,17,18,19,20,21,22,23,24,25,26,27,28, 29,30,31,32,35,36,37,38,39,40,43,45,46,47,48,49
25,23,41,47,33,12,15, 7,22,28,32,37, 6,27,21,20,16,26,13,29,42,30,34,35, 24, 2,18,11, 8, 4, 3,19,14,44,36, 9,43,39,46, 5
 2, 1, 3, 4, 5, 6,22, 9,10,11,13,14,27,32,18,19,20,21,23,24,25,26,28,29, 30,31,34,37,35,36,38,39,40,12,43,47,45,46,48,49
 1, 2, 3, 4, 5, 6, 7, 9,10,11,13,14,15,16,18,20,21,22,23,24,25,26,27,28, 29,30,31,32,33,34,35,36,37,38,39,40,41,45,46,47
 0, 1, 2, 3, 4, 6, 7, 9,11,13,14,15,17,18,19,20,21,22,23,24,25,26,27,28, 29,30,32,34,35,36,37,38,39,40,43,45,46,47,48,49
25,23,41,47,33,12,15, 7,22,28,32,37, 6,27,21,20,16,26,13,29,42,30,34,35, 24, 2,18,11, 8, 4, 3,19,14,44,36, 9,43,39,46, 5
 2, 1, 3, 4, 5, 6,22, 9,10,11,13,14,27,32,18,19,20,21,23,24,25,26,28,29, 30,31,34,37,35,36,38,39,40,12,43,47,45,46,48,49
 0, 2, 3, 4, 5, 6, 7, 9,11,12,13,14,15,18,19,20,21,22,23,24,25,26,27,28, 29,30,31,32,34,35,37,39,40,41,42,43,44,46,47,49
 0, 1, 4, 5, 6, 7, 9,10,11,13,14,15,17,18,19,20,21,22,23,24,25,26,27,28, 29,30,32,35,36,37,38,39,40,41,43,44,45,46,47,48
25,23,41,47,33,12,15, 7,22,28,32,37, 6,27,21,20,16,26,13,29,42,30,34,35, 24, 2,18,11, 8, 4, 3,19,14,44,36, 9,43,39,46, 5,40,31,38,10, 0
 0, 1, 2, 3, 4, 6, 7,15, 9,10,11,12,13,14, 5,17,18,19,20,21,22,23,24,26, 27,28,29,30,31,32,33,35,36,37,38,39,40,34,25,43,45,46,47,48,49
 0, 1, 2, 3, 4, 6, 7, 8, 9,10,11,12,13,14,15,17,18,19,20,21,22,23,24,25, 26,27,28,29,30,31,32,33,35,36,37,38,39,40,41,44,45,46,47,48,49
 0, 1, 2, 3, 4, 5, 6, 7, 8, 9,10,11,12,13,14,15,17,18,19,20,21,22,23,24, 25,26,27,28,29,30,31,32,33,35,36,37,38,39,40,43,45,46,47,48,49
25,23,41,47,33,12,15, 7,22,28,32,37, 6,27,21,20,16,26,13,29,42,30,34,35, 24, 2,18,11, 8, 4, 3,19,14,44,36, 9,43,39,46, 5,40,31,38,10, 0
 0, 1, 2, 3, 4, 6, 7,15, 9,10,11,12,13,14, 5,17,18,19,20,21,22,23,24,26, 27,28,29,30,31,32,33,35,36,37,38,39,40,34,25,43,45,46,47,48,49
 0, 1, 2, 3, 4, 5, 6, 7, 9,10,11,12,13,14,16,17,18,19,20,21,22,23,24,25, 26,27,28,29,30,31,32,33,35,36,37,38,39,40,41,43,44,46,47,48,49
 1, 2, 3, 4, 5, 6, 7, 8, 9,10,11,12,13,14,17,18,19,20,21,22,23,24,25,26, 27,28,29,30,31,32,33,34,35,36,37,38,39,40,41,43,45,46,47,48,49
25,23,41,47,33,12,15, 7,22,28,32,37, 6,27,21,20,16,26,13,29,42,30,34,35, 24, 2,18,11, 8, 4, 3,19,14,44,36, 9,43,39,46, 5,40,31,38,10, 0
 0, 1, 2, 3, 4, 6, 7,15, 9,10,11,12,13,14, 5,17,18,19,20,21,22,23,24,26, 27,28,29,30,31,32,33,35,36,37,38,39,40,34,25,43,45,46,47,48,49
 1, 2, 3, 4, 5, 6, 7, 8, 9,10,11,12,13,14,15,17,18,19,20,21,22,23,24,25, 26,27,28,29,30,31,32,33,34,35,36,37,38,39,40,43,45,46,47,48,49
 0, 1, 2, 3, 4, 5, 7, 9,10,11,12,13,14,15,16,17,18,19,20,21,22,23,24,25, 26,27,28,29,30,31,32,33,35,36,37,38,39,40,41,43,45,46,47,48,49
25,23,41,47,33,12,15, 7,22,28,32,37, 6,27,21,20,16,26,13,29,42,30,34,35, 24, 2,18,11, 8, 4, 3,19,14,44,36, 9,43,39,46, 5,40,31,38,10, 0
 0, 1, 2, 3, 4, 6, 7,15, 9,10,11,12,13,14, 5,17,18,19,20,21,22,23,24,26, 27,28,29,30,31,32,33,35,36,37,38,39,40,34,25,43,45,46,47,48,49
 0, 2, 3, 4, 5, 6, 7, 9,10,11,12,13,15,17,18,19,20,21,22,23,24,25,26,27, 28,29,30,31,32,33,34,35,36,37,38,39,40,41,43,44,45,46,47,48,49
 1, 2, 3, 4, 5, 6, 7, 9,10,11,12,13,14,15,16,17,18,19,20,21,22,23,24,25, 26,27,28,29,30,31,32,33,35,36,37,38,39,40,41,43,45,46,47,48,49
25,23,41,47,33,12,15, 7,22,28,32,37, 6,27,21,20,16,26,13,29,42,30,34,35, 24, 2,18,11, 8, 4, 3,19,14,44,36, 9,43,39,46, 5,40,31,38,10, 0
 0, 1, 2, 3, 4, 6, 7,15, 9,10,11,12,13,14, 5,17,18,19,20,21,22,23,24,26, 27,28,29,30,31,32,33,35,36,37,38,39,40,34,25,43,45,46,47,48,49
 0, 2, 3, 4, 5, 6, 7, 8, 9,10,11,13,14,15,16,17,18,19,20,21,22,23,24,25, 26,27,28,29,30,31,32,33,35,36,37,38,39,40,41,43,45,46,47,48,49
 1, 2, 3, 4, 5, 6, 7, 9,10,11,12,13,14,15,16,17,18,19,20,21,22,23,24,25, 26,27,28,29,30,31,32,33,35,36,37,38,39,40,41,43,45,46,47,48,49
25,23,41,47,33,12,15, 7,22,28,32,37, 6,27,21,20,16,26,13,29,42,30,34,35, 24, 2,18,11, 8, 4, 3,19,14,44,36, 9,43,39,46, 5,40,31,38,10, 0, 1,48,49, 45,17
 0, 1, 2, 3, 4, 5, 6, 7, 8, 9,10,11,12,13,14,15,16,17,18,19,20,21,22,23, 24,25,26,27,28,29,30,31,32,33,34,35,36,37,38,39,40,41,42,43,44,45,46,47, 48,49
 0, 1, 2, 3, 4, 5, 6, 7, 8, 9,10,11,12,13,14,15,16,17,18,19,20,21,22,23, 24,25,26,27,28,29,30,31,32,33,34,35,36,37,38,39,40,41,42,43,44,45,46,47, 48,49
 0, 1, 2, 3, 4, 5, 6, 7, 8, 9,10,11,12,13,14,15,16,17,18,19,20,21,22,23, 24,25,26,27,28,29,30,31,32,33,34,35,36,37,38,39,40,41,42,43,44,45,46,47, 48,49
25,23,41,47,33,12,15, 7,22,28,32,37, 6,27,21,20,16,26,13,29,42,30,34,35, 24, 2,18,11, 8, 4, 3,19,14,44,36, 9,43,39,46, 5,40,31,38,10, 0, 1,48,49, 45,17
 0, 1, 2, 3, 4, 5, 6, 7, 8, 9,10,11,12,13,14,15,16,17,18,19,20,21,22,23, 24,25,26,27,28,29,30,31,32,33,34,35,36,37,38,39,40,41,42,43,44,45,46,47, 48,49
 0, 1, 2, 3, 4, 5, 6, 7, 8, 9,10,11,12,13,14,15,16,17,18,19,20,21,22,23, 24,25,26,27,28,29,30,31,32,33,34,35,36,37,38,39,40,41,42,43,44,45,46,47, 48,49
 0, 1, 2, 3, 4, 5, 6, 7, 8, 9,10,11,12,13,14,15,16,17,18,19,20,21,22,23, 24,25,26,27,28,29,30,31,32,33,34,35,36,37,38,39,40,41,42,43,44,45,46,47, 48,49
25,23,41,47,33,12,15, 7,22,28,32,37, 6,27,21,20,16,26,13,29,42,30,34,35, 24, 2,18,11, 8, 4, 3,19,14,44,36, 9,43,39,46, 5,40,31,38,10, 0, 1,48,49, 45,17
 0, 1, 2, 3, 4, 5, 6, 7, 8, 9,10,11,12,13,14,15,16,17,18,19,20,21,22,23, 24,25,26,27,28,29,30,31,32,33,34,35,36,37,38,39,40,41,42,43,44,45,46,47, 48,49
 0, 1, 2, 3, 4, 5, 6, 7, 8, 9,10,11,12,13,14,15,16,17,18,19,20,21,22,23, 24,25,26,27,28,29,30,31,32,33,34,35,36,37,38,39,40,41,42,43,44,45,46,47, 48,49
 0, 1, 2, 3, 4, 5, 6, 7, 8, 9,10,11,12,13,14,15,16,17,18,19,20,21,22,23, 24,25,26,27,28,29,30,31,32,33,34,35,36,37,38,39,40,41,42,43,44,45,46,47, 48,49
25,23,41,47,33,12,15, 7,22,28,32,37, 6,27,21,20,16,26,13,29,42,30,34,35, 24, 2,18,11, 8, 4, 3,19,14,44,36, 9,43,39,46, 5,40,31,38,10, 0, 1,48,49, 45,17
 0, 1, 2, 3, 4, 5, 6, 7, 8, 9,10,11,12,13,14,15,16,17,18,19,20,21,22,23, 24,25,26,27,28,29,30,31,32,33,34,35,36,37,38,39,40,41,42,43,44,45,46,47, 48,49
 0, 1, 2, 3, 4, 5, 6, 7, 8, 9,10,11,12,13,14,15,16,17,18,19,20,21,22,23, 24,25,26,27,28,29,30,31,32,33,34,35,36,37,38,39,40,41,42,43,44,45,46,47, 48,49
 0, 1, 2, 3, 4, 5, 6, 7, 8, 9,10,11,12,13,14,15,16,17,18,19,20,21,22,23, 24,25,26,27,28,29,30,31,32,33,34,35,36,37,38,39,40,41,42,43,44,45,46,47, 48,49
25,23,41,47,33,12,15, 7,22,28,32,37, 6,27,21,20,16,26,13,29,42,30,34,35, 24, 2,18,11, 8, 4, 3,19,14,44,36, 9,43,39,46, 5,40,31,38,10, 0, 1,48,49, 45,17
 0, 1, 2, 3, 4, 5, 6, 7, 8, 9,10,11,12,13,14,15,16,17,18,19,20,21,22,23, 24,25,26,27,28,29,30,31,32,33,34,35,36,37,38,39,40,41,42,43,44,45,46,47, 48,49
 0, 1, 2, 3, 4, 5, 6, 7, 8, 9,10,11,12,13,14,15,16,17,18,19,20,21,22,23, 24,25,26,27,28,29,30,31,32,33,34,35,36,37,38,39,40,41,42,43,44,45,46,47, 48,49
 0, 1, 2, 3, 4, 5, 6, 7, 8, 9,10,11,12,13,14,15,16,17,18,19,20,21,22,23, 24,25,26,27,28,29,30,31,32,33,34,35,36,37,38,39,40,41,42,43,44,45,46,47, 48,49
25,23,41,47,33,12,15, 7,22,28,32,37, 6,27,21,20,16,26,13,29,42,30,34,35, 24, 2,18,11, 8, 4, 3,19,14,44,36, 9,43,39,46, 5,40,31,38,10, 0, 1,48,49, 45,17
